-- Fizuli Catalog — реальные товары из Tilda CSV
-- Фото: static.tildacdn.com

-- 1. Очистка
delete from order_items;
delete from orders;
delete from product_variants;
delete from products;
delete from categories;
delete from collections;

-- 2. Категории
insert into categories (id, name, slug) values
  ('e1000000-0000-0000-0000-000000000001', 'Футболки', 'futbolki'),
  ('e1000000-0000-0000-0000-000000000002', 'Анораки', 'anoraki'),
  ('e1000000-0000-0000-0000-000000000003', 'Худи и свитшоты', 'hudi-i-svitshoty');

-- 3. Товары

-- Футболки
insert into products (id, name, slug, description, price, images, category_id) values
  ('f1000000-0000-0000-0000-000000000001',
   'Футболка с необработанными краями — красный',
   'futbolka-s-neobrabotannymi-krayami-krasnyy',
   'Футболка оверсайз эффект «персик» — мягкая и свободная, словно облако. Изготовлена из натурального хлопка с текстурой, напоминающей поверхность персика. Необработанные края придают бунтарский вид, аппликация — динамичность и харизму. Состав: 100% хлопок.',
   7500,
   array[
     'https://static.tildacdn.com/stor3935-3637-4138-b631-376463663530/95294187.jpg',
     'https://static.tildacdn.com/stor6361-6165-4138-b533-343931613762/55089263.jpg',
     'https://static.tildacdn.com/stor3365-3961-4661-b866-626135633161/55339969.jpg'
   ],
   'e1000000-0000-0000-0000-000000000001'),

  ('f1000000-0000-0000-0000-000000000002',
   'Футболка с необработанными краями — коричневый',
   'futbolka-s-neobrabotannymi-krayami-korichnevyy',
   'Футболка оверсайз эффект «персик» — мягкая и свободная, словно облако. Изготовлена из натурального хлопка с текстурой, напоминающей поверхность персика. Необработанные края придают бунтарский вид, аппликация — динамичность и харизму. Состав: 100% хлопок.',
   7500,
   array[
     'https://static.tildacdn.com/stor3635-3731-4836-a164-306165633439/58566697.jpg',
     'https://static.tildacdn.com/stor3837-3132-4135-b165-316433343132/89873152.jpg',
     'https://static.tildacdn.com/stor3231-3361-4732-b531-386535373530/25113804.jpg'
   ],
   'e1000000-0000-0000-0000-000000000001'),

  ('f1000000-0000-0000-0000-000000000003',
   'Футболка с необработанными краями — серый',
   'futbolka-s-neobrabotannymi-krayami-seryy',
   'Футболка оверсайз эффект «персик» — мягкая и свободная, словно облако. Изготовлена из натурального хлопка с текстурой, напоминающей поверхность персика. Необработанные края придают бунтарский вид, аппликация — динамичность и харизму. Состав: 100% хлопок.',
   7500,
   array[
     'https://static.tildacdn.com/stor6161-6330-4634-a432-323536303237/73270893.jpg',
     'https://static.tildacdn.com/stor3035-3631-4934-a331-396661663533/16614828.jpg',
     'https://static.tildacdn.com/stor3764-6635-4161-b033-306538326430/98622460.jpg'
   ],
   'e1000000-0000-0000-0000-000000000001'),

  ('f1000000-0000-0000-0000-000000000004',
   'Футболка с необработанными краями — молочный',
   'futbolka-s-neobrabotannymi-krayami-molochnyy',
   'Футболка оверсайз эффект «персик» — мягкая и свободная, словно облако. Изготовлена из натурального хлопка с текстурой, напоминающей поверхность персика. Необработанные края придают бунтарский вид, аппликация — динамичность и харизму. Состав: 100% хлопок.',
   7500,
   array[
     'https://static.tildacdn.com/stor3139-6139-4634-b861-333931373632/74426424.jpg',
     'https://static.tildacdn.com/stor3536-3632-4236-b035-313063336530/51875728.jpg',
     'https://static.tildacdn.com/stor6130-3362-4165-b764-636434303533/71263977.jpg'
   ],
   'e1000000-0000-0000-0000-000000000001'),

  ('f1000000-0000-0000-0000-000000000005',
   'Футболка с необработанными краями — черный',
   'futbolka-s-neobrabotannymi-krayami-chernyy',
   'Футболка оверсайз эффект «персик» — мягкая и свободная, словно облако. Изготовлена из натурального хлопка с текстурой, напоминающей поверхность персика. Необработанные края придают бунтарский вид, аппликация — динамичность и харизму. Состав: 100% хлопок.',
   7500,
   array[
     'https://static.tildacdn.com/stor3735-3562-4064-a363-333333663730/11281641.jpg',
     'https://static.tildacdn.com/stor3635-3136-4939-a132-646630366230/13844544.jpg',
     'https://static.tildacdn.com/stor3535-3032-4436-b937-656231346665/88851975.jpg'
   ],
   'e1000000-0000-0000-0000-000000000001'),

-- Анораки
  ('f1000000-0000-0000-0000-000000000006',
   'Анорак — черный',
   'anorak-chernyy',
   'Анорак с ультраширокими рукавами-разлетайками и фирменной вышивкой. Свободный объём, высокий ворот, акцент на форму. Состав: 100% хлопок.',
   14500,
   array[
     'https://static.tildacdn.com/stor6333-3135-4136-a363-636365333837/bd815f73b8fd19f5c28448161b95abb2.jpg',
     'https://static.tildacdn.com/stor6535-6539-4836-b237-393532643231/6674d9283bb34bf1f1ef130c5da3ad35.jpg',
     'https://static.tildacdn.com/stor3839-6136-4138-b165-316139303436/3f2c7b812f455a085c976d76e9a3c171.jpg'
   ],
   'e1000000-0000-0000-0000-000000000002'),

  ('f1000000-0000-0000-0000-000000000007',
   'Анорак — молочный',
   'anorak-molochnyy',
   'Анорак с ультраширокими рукавами-разлетайками и фирменной вышивкой. Свободный объём, высокий ворот, акцент на форму. Состав: 100% хлопок.',
   14500,
   array[
     'https://static.tildacdn.com/stor3637-6334-4737-a465-343333636164/eae23de8c6fca4977451425fafc785db.jpg',
     'https://static.tildacdn.com/stor3730-3634-4962-a333-373339376639/93206972b0ad15229eef4fd0bb3372a5.jpg',
     'https://static.tildacdn.com/stor3938-3961-4433-b439-626239323931/4016678418a5c2a8189662ad33ec0318.jpg'
   ],
   'e1000000-0000-0000-0000-000000000002'),

  ('f1000000-0000-0000-0000-000000000008',
   'Анорак — красный',
   'anorak-krasnyy',
   'Анорак с ультраширокими рукавами-разлетайками и фирменной вышивкой. Свободный объём, высокий ворот, акцент на форму. Состав: 100% хлопок.',
   14500,
   array[
     'https://static.tildacdn.com/stor3031-3931-4266-b337-313236363962/5c298ef20c892eea8d38c1c990b9a570.jpg',
     'https://static.tildacdn.com/stor3238-6261-4132-b264-306564613163/7ea0c5591e17090ea0c90585cdfacf69.jpg',
     'https://static.tildacdn.com/stor3636-6433-4430-b231-663330353937/d55bde4240c207f1dce7024cf43d881e.jpg'
   ],
   'e1000000-0000-0000-0000-000000000002'),

  ('f1000000-0000-0000-0000-000000000009',
   'Анорак — темно-серый',
   'anorak-temno-seryy',
   'Анорак с ультраширокими рукавами-разлетайками и фирменной вышивкой. Свободный объём, высокий ворот, акцент на форму. Состав: 100% хлопок.',
   14500,
   array[
     'https://static.tildacdn.com/stor3336-3766-4036-b539-353764393839/274b4974b91ac8e2605f64533a19293b.jpg',
     'https://static.tildacdn.com/stor3664-3362-4638-b435-326436383066/1449d7675e3380b4c9e2d1fe7e09809f.jpg',
     'https://static.tildacdn.com/stor3266-6662-4534-b039-643736336539/c18855f3d254bc65e13771796dd64a3b.jpg'
   ],
   'e1000000-0000-0000-0000-000000000002'),

  ('f1000000-0000-0000-0000-000000000010',
   'Анорак — коричневый',
   'anorak-korichnevyy',
   'Анорак с ультраширокими рукавами-разлетайками и фирменной вышивкой. Свободный объём, высокий ворот, акцент на форму. Состав: 100% хлопок.',
   14500,
   array[
     'https://static.tildacdn.com/stor3133-3264-4338-a536-613339653539/dc75dae22db356f59a4acda8c153f5b6.jpg',
     'https://static.tildacdn.com/stor6339-3165-4334-b635-306135663439/a2f138285108adefefcd586e827f7c2b.jpg',
     'https://static.tildacdn.com/stor3936-6266-4465-a631-633938643639/833d04b0c55fad07aa7258d1556aeec2.jpg'
   ],
   'e1000000-0000-0000-0000-000000000002'),

-- Худи и свитшоты
  ('f1000000-0000-0000-0000-000000000011',
   'Зип-Худи — черный',
   'zip-hudi-chernyy',
   'Модель из коллекции «ПАТЧИ» осень-зима 25/26. С ультраширокими рукавами-разлетайками и фирменными патчами. Свободный силуэт, акцент на объём и движение. Состав: 100% хлопок.',
   16000,
   array[
     'https://static.tildacdn.com/stor6262-6631-4634-b237-336636663238/5f6c01b690180cb851eed879948e98be.jpg',
     'https://static.tildacdn.com/stor3465-3634-4063-a262-326533646164/33d8b783c1a64534e4ae3aeafc20fc3a.jpg',
     'https://static.tildacdn.com/stor3238-3663-4334-b235-353031633662/84102982cc27ca49979a76b9ee8093c8.jpg'
   ],
   'e1000000-0000-0000-0000-000000000003'),

  ('f1000000-0000-0000-0000-000000000012',
   'Зип-Худи — бежевый',
   'zip-hudi-bezhevyy',
   'Модель из коллекции «ПАТЧИ» осень-зима 25/26. С ультраширокими рукавами-разлетайками и фирменными патчами. Свободный силуэт, акцент на объём и движение. Состав: 100% хлопок.',
   16000,
   array[
     'https://static.tildacdn.com/stor3937-6439-4961-b333-653831303139/e0350a8dd836d61f6ae3329753bdb11d.jpg',
     'https://static.tildacdn.com/stor6337-3266-4566-b132-326139383330/6eae6562f4efad2dbe384d0441939d9b.jpg',
     'https://static.tildacdn.com/stor6361-3835-4361-b265-653837636263/c00ae6981cd290053ac85888d48dd0e1.jpg'
   ],
   'e1000000-0000-0000-0000-000000000003'),

  ('f1000000-0000-0000-0000-000000000013',
   'Зип-Худи — серый меланж',
   'zip-hudi-seryy-melanzh',
   'Модель из коллекции «ПАТЧИ» осень-зима 25/26. С ультраширокими рукавами-разлетайками и фирменными патчами. Свободный силуэт, акцент на объём и движение. Состав: 100% хлопок.',
   16000,
   array[
     'https://static.tildacdn.com/stor3334-3261-4034-b030-386461366364/44dbd31e621e25e977292b7966d879d3.jpg',
     'https://static.tildacdn.com/stor3931-6632-4233-b164-656638376564/98586c950f72be5248736bb6b02ccace.jpg',
     'https://static.tildacdn.com/stor6439-3736-4236-b634-646439363365/6b2b8dc9afbc25bb4c658eb3ae0e07bb.jpg'
   ],
   'e1000000-0000-0000-0000-000000000003'),

  ('f1000000-0000-0000-0000-000000000014',
   'Зип-Худи — коричневый',
   'zip-hudi-korichnevyy',
   'Модель из коллекции «ПАТЧИ» осень-зима 25/26. С ультраширокими рукавами-разлетайками и фирменными патчами. Свободный силуэт, акцент на объём и движение. Состав: 100% хлопок.',
   16000,
   array[
     'https://static.tildacdn.com/stor3465-6664-4134-a461-376236396138/d1897386c136f569b90bdea4cf7af4be.jpg',
     'https://static.tildacdn.com/stor3333-3763-4066-a630-383431393462/ae8c0d937df3df52c76407e665b09e16.jpg',
     'https://static.tildacdn.com/stor6461-6435-4332-b234-386365643761/33074819f82da8467810534c2a1058b5.jpg'
   ],
   'e1000000-0000-0000-0000-000000000003'),

  ('f1000000-0000-0000-0000-000000000015',
   'Свитшот — черный',
   'svitshot-chernyy',
   'Модель из коллекции «ПАТЧИ» осень-зима 25/26. С ультраширокими рукавами-разлетайками и фирменной вышивкой. Свободный объём и чистая форма, собранные вокруг движения и ритма. Состав: 100% хлопок.',
   9900,
   array[
     'https://static.tildacdn.com/stor6132-3065-4534-b037-343633376239/69528dca9476b659c05c5ff9338da7c1.jpg',
     'https://static.tildacdn.com/stor3162-3762-4032-b234-396533386235/f68d6684260414a69f1d7f9b5ab78bc5.jpg',
     'https://static.tildacdn.com/stor6239-3531-4965-a337-613864343664/9185d1c3e6727e0d010131cd8201f9d6.jpg'
   ],
   'e1000000-0000-0000-0000-000000000003');

-- 4. Варианты размеров

-- Футболка красный
insert into product_variants (product_id, size, stock) values
  ('f1000000-0000-0000-0000-000000000001', 'S', 0),
  ('f1000000-0000-0000-0000-000000000001', 'M', 0),
  ('f1000000-0000-0000-0000-000000000001', 'L', 2),
  ('f1000000-0000-0000-0000-000000000001', 'XL', 3);

-- Футболка коричневый
insert into product_variants (product_id, size, stock) values
  ('f1000000-0000-0000-0000-000000000002', 'S', 5),
  ('f1000000-0000-0000-0000-000000000002', 'M', 7),
  ('f1000000-0000-0000-0000-000000000002', 'L', 4),
  ('f1000000-0000-0000-0000-000000000002', 'XL', 5);

-- Футболка серый
insert into product_variants (product_id, size, stock) values
  ('f1000000-0000-0000-0000-000000000003', 'S', 4),
  ('f1000000-0000-0000-0000-000000000003', 'M', 6),
  ('f1000000-0000-0000-0000-000000000003', 'L', 6),
  ('f1000000-0000-0000-0000-000000000003', 'XL', 6);

-- Футболка молочный
insert into product_variants (product_id, size, stock) values
  ('f1000000-0000-0000-0000-000000000004', 'S', 5),
  ('f1000000-0000-0000-0000-000000000004', 'M', 4),
  ('f1000000-0000-0000-0000-000000000004', 'L', 8),
  ('f1000000-0000-0000-0000-000000000004', 'XL', 9);

-- Футболка черный
insert into product_variants (product_id, size, stock) values
  ('f1000000-0000-0000-0000-000000000005', 'S', 0),
  ('f1000000-0000-0000-0000-000000000005', 'M', 0),
  ('f1000000-0000-0000-0000-000000000005', 'L', 0),
  ('f1000000-0000-0000-0000-000000000005', 'XL', 0);

-- Анорак черный
insert into product_variants (product_id, size, stock) values
  ('f1000000-0000-0000-0000-000000000006', 'M', 18),
  ('f1000000-0000-0000-0000-000000000006', 'L', 20),
  ('f1000000-0000-0000-0000-000000000006', 'XL', 21);

-- Анорак молочный
insert into product_variants (product_id, size, stock) values
  ('f1000000-0000-0000-0000-000000000007', 'M', 18),
  ('f1000000-0000-0000-0000-000000000007', 'L', 19),
  ('f1000000-0000-0000-0000-000000000007', 'XL', 7);

-- Анорак красный
insert into product_variants (product_id, size, stock) values
  ('f1000000-0000-0000-0000-000000000008', 'M', 7),
  ('f1000000-0000-0000-0000-000000000008', 'L', 8),
  ('f1000000-0000-0000-0000-000000000008', 'XL', 6);

-- Анорак темно-серый
insert into product_variants (product_id, size, stock) values
  ('f1000000-0000-0000-0000-000000000009', 'M', 6),
  ('f1000000-0000-0000-0000-000000000009', 'L', 3),
  ('f1000000-0000-0000-0000-000000000009', 'XL', 6);

-- Анорак коричневый
insert into product_variants (product_id, size, stock) values
  ('f1000000-0000-0000-0000-000000000010', 'M', 0),
  ('f1000000-0000-0000-0000-000000000010', 'L', 2),
  ('f1000000-0000-0000-0000-000000000010', 'XL', 4);

-- Зип-Худи черный
insert into product_variants (product_id, size, stock) values
  ('f1000000-0000-0000-0000-000000000011', 'S', 5),
  ('f1000000-0000-0000-0000-000000000011', 'M', 10),
  ('f1000000-0000-0000-0000-000000000011', 'L', 12),
  ('f1000000-0000-0000-0000-000000000011', 'XL', 8);

-- Зип-Худи бежевый
insert into product_variants (product_id, size, stock) values
  ('f1000000-0000-0000-0000-000000000012', 'S', 4),
  ('f1000000-0000-0000-0000-000000000012', 'M', 8),
  ('f1000000-0000-0000-0000-000000000012', 'L', 10),
  ('f1000000-0000-0000-0000-000000000012', 'XL', 6);

-- Зип-Худи серый меланж
insert into product_variants (product_id, size, stock) values
  ('f1000000-0000-0000-0000-000000000013', 'S', 3),
  ('f1000000-0000-0000-0000-000000000013', 'M', 7),
  ('f1000000-0000-0000-0000-000000000013', 'L', 9),
  ('f1000000-0000-0000-0000-000000000013', 'XL', 5);

-- Зип-Худи коричневый
insert into product_variants (product_id, size, stock) values
  ('f1000000-0000-0000-0000-000000000014', 'S', 2),
  ('f1000000-0000-0000-0000-000000000014', 'M', 6),
  ('f1000000-0000-0000-0000-000000000014', 'L', 8),
  ('f1000000-0000-0000-0000-000000000014', 'XL', 4);

-- Свитшот черный
insert into product_variants (product_id, size, stock) values
  ('f1000000-0000-0000-0000-000000000015', 'S', 5),
  ('f1000000-0000-0000-0000-000000000015', 'M', 9),
  ('f1000000-0000-0000-0000-000000000015', 'L', 11),
  ('f1000000-0000-0000-0000-000000000015', 'XL', 7);
